Abe Music <abe.music@gmail.com>
Abel Lopez <abelopez@cisco.com>
Abishek Subramanian <absubram@cisco.com>
Adam Harwell <flux.adam@gmail.com>
Alex Yang <yangyang1@zte.com.cn>
Alexander Reunov <alexander.reunov@oracle.com>
Alexandra Settle <a.settle@outlook.com>
Alexandru Bogdan Pica <alexandru.pica@1and1.ro>
Alexis Deberg <alexis.deberg@ubisoft.com>
Alicja Kwasniewska <alicja.kwasniewska@intel.com>
Allen Gao <wanlong.gao@easystack.cn>
Andreas Jaeger <aj@suse.com>
Andrei Nistor <andrei_nistor@smart-x.net>
Andrei-Lucian Șerb <lucian.serb@icloud.com>
Andrew Lukoshko <andrew.lukoshko@gmail.com>
Andrew Smith <ansmith@redhat.com>
Andrew Widdersheim <amwiddersheim@gmail.com>
Andrey Shestakov <ashestakov@mirantis.com>
Angus Salkeld <asalkeld@mirantis.com>
Antoine Roux <antoine.roux@esrf.fr>
Arkadiy Shinkarev <kewatut@gmail.com>
Artur Zarzycki <azarzycki@mirantis.com>
Asha Saravanamohan <assarava@cisco.com>
Asharam Meena <ram.meena.mail@gmail.com>
Audrey Yaple <audrey@yaple.net>
Bai Yongjun <byj994@163.com>
Bartosz Bezak <bartosz@stackhpc.com>
Bartosz Zurkowski <b.zurkowski@samsung.com>
Bartłomiej Daca <bartek.daca@gmail.com>
Benedikt Trefzer <benedikt.trefzer@cirrax.com>
Benjamin Diaz <bdiaz@whitestack.com>
Benjamin FÜHRMANN <benjamin.fuhrmann@gmail.com>
Bernard Maltais <bernard@ducourier.com>
Bernd Müller <mueller@b1-systems.de>
Bertrand Lallau <bertrand.lallau@gmail.com>
Bertrand Lallau <bertrand.lallau@thalesgroup.com>
Bharat Kunwar <b.kunwar@gmail.com>
Bharat Kunwar <bharat@stackhpc.com>
Blake Smith <blaksmit@cisco.com>
Borne Mace <borne.mace@oracle.com>
Brent Holden <bholden@redhat.com>
Britt Houser <bhouser@cisco.com>
Buddhika Sanjeewa <bsanjeewa@kln.ac.lk>
Cady_Chen <chenyingnan@inspur.com>
Cao Xuan Hoang <hoangcx@vn.fujitsu.com>
Carlos Cesario <carloscesario@gmail.com>
Carlos Goncalves <cgoncalves@redhat.com>
Chandan Kumar <chkumar@redhat.com>
Chao Guo <guochao@winhong.com>
Charlie Kang <charlie.kang@intel.com>
Chen <dstbtgagt@foxmail.com>
Chen Zhiwei <zhiwchen@cn.ibm.com>
Chmouel Boudjnah <chmouel@enovance.com>
Chris Hoge <chris@openstack.org>
Chris Ricker <chricker@cisco.com>
Christian Berendt <berendt@b1-systems.de>
Christian Berendt <berendt@betacloud-solutions.de>
Christian Zunker <christian.zunker@codecentric.cloud>
Christine Hicks <xiehicks@gmail.com>
Christopher Nipper <christopher.r.nipper@intel.com>
Chulmin Kang <chaman.kang@gmail.com>
Chung Chih, Hung <lyan.h@inwinstack.com>
Clint Byrum <clint@fewbar.com>
Cody Hammock <hammock@tacc.utexas.edu>
Cong Ha Minh <conghm1@viettel.com.vn>
Corey Bryant <corey.bryant@canonical.com>
Cornelio Hopmann <hopmann@netzlink.com>
Cuong Nguyen <cuongnv@vn.fujitsu.com>
Cédric Jeanneret <cjeanner@redhat.com>
Dai Dang Van <daidv@vn.fujitsu.com>
Dai Dang Van <daikk115@gmail.com>
Dai, Dang Van <daidv3@viettel.com.vn>
Dai, Dang Van <daikk115@gmail.com>
Dan Ardelean <dardelean@cloudbasesolutions.com>
Dan Radez <dradez@redhat.com>
Daneyon Hansen <danehans@cisco.com>
Daniel Gonzalez <daniel@gonzalez-nothnagel.de>
Dat Le <datlq3@viettel.com.vn>
Davanum Srinivas <davanum@gmail.com>
Dave McCowan <dmccowan@cisco.com>
Dave Walker (Daviey) <email@daviey.com>
David Moreau Simard <dms@redhat.com>
David Moreau Simard <dmsimard@redhat.com>
David Moreau-Simard <dms@redhat.com>
David Peraza <david_peraza@persistentsys.com>
David Rabel <rabel@b1-systems.de>
David Wang <dcwangmit01@gmail.com>
Dean Daskalantonakis <ddaskal@us.ibm.com>
Dennis Mueller <dmueller@evoila.de>
Dennis Mueller <openstack@dennismueller.email>
Derek Ditch <derek.ditch@gmail.com>
Dincer Celik <hello@dincercelik.com>
Diogo Monteiro <diogo.gmt@gmail.com>
Dipa Thakkar <dthakkar@cisco.com>
Dmitry Alexeev <dalekseev@itkey.com>
Dmitry Tantsur <divius.inside@gmail.com>
Doug Hellmann <doug@doughellmann.com>
Doug Szumski <d.s.szumski@gmail.com>
Doug Szumski <doug@stackhpc.com>
Duane DeCapite <ddecapit@cisco.com>
Duc Nguyen Cong <ducnc7@viettel.com.vn>
Duong Ha-Quang <duonghq@vn.fujitsu.com>
Duong Mai <duongmn89@gmail.com>
Eduardo Gonzalez <dabarren@gmail.com>
Eduardo Patrocinio <epatro@gmail.com>
Erik Olof Gunnar Andersson <eandersson@blizzard.com>
Erol Guzoglu <erol.guzoglu@kartaca.com>
Ethan Lynn <xjunlin@cn.ibm.com>
Ettore Simone <ettore.simone@gmail.com>
Eugene Bagdasaryan <ebagdasa@cisco.com>
Fabian Zimmermann <dev.faz@googlemail.com>
Fang Fenghua <449171342@qq.com>
Farid Da Encarnacao <farid.daencarnacao@gmail.com>
Flavio Percoco <flaper87@gmail.com>
Florian Engelmann <engelmann@d-g-c.de>
Francesco Vollero <fvollero@redhat.com>
Francisco Edigleison Barbosa <barbosaedigleison@gmail.com>
Gaetan Trellu <gaetan.trellu@incloudus.com>
Ganesh Maharaj Mahalingam <ganesh.mahalingam@intel.com>
Gary Kotton <gkotton@vmware.com>
Gary Perkins <gary@garyperkins.com>
Gaëtan Trellu <gaetan.trellu@incloudus.com>
Gene Kuo <gene@openstack.org>
Georgy Okrokvertskhov <gokrokvertskhov@mirantis.com>
Gerard Braad <me@gbraad.nl>
Gerard Braad — 吉拉德 <me@gbraad.nl>
Gerry Buteau <gerry.buteau@oracle.com>
Graeme Seaton <gseaton@gmail.com>
Ha Manh Dong <donghm@vn.fujitsu.com>
Haiwei Xu <xu-haiwei@mxw.nes.nec.co.jp>
Hanxi_Liu <hanxi.liu@easystack.cn>
Harm Weites <harm@weites.com>
Harsh Vardhan <harsh59v@gmail.com>
Hengqing Hu <hudayou@hotmail.com>
Henry Gessau <gessau@gmail.com>
Hiroki Ito <ito.hiroki@lab.ntt.co.jp>
Hironori Shiina <shiina.hironori@jp.fujitsu.com>
Hongbin LU <hongbin034@gmail.com>
Hongbin Lu <hongbin.lu@huawei.com>
Hongbin Lu <hongbin034@gmail.com>
Hui Kang <hkang.sunysb@gmail.com>
Hui Kang <kangh@us.ibm.com>
Ian Kumlien <ian.kumlien@gmail.com>
Ian Main <imain@redhat.com>
Ice Yao <yao3690093@gmail.com>
Ihar Hrachyshka <ihrachys@redhat.com>
Ildar Iskhakov <iiskhako@cisco.com>
Ionut Balutoiu <ibalutoiu@cloudbasesolutions.com>
Isaac Prior <isaac@stackhpc.com>
Jack Heskett <Jack.Heskett@gresearch.co.uk>
Jacob Estelle <jacobestelle@verizonmedia.com>
James Benson <James.o.benson@gmail.com>
James E. Blair <jeblair@redhat.com>
James Kirsch <generalfuzz@gmail.com>
James Labocki <jameslabocki@gmail.com>
James Labocki <jlabocki@redhat.com>
James McCarthy <james.m.mccarthy@oracle.com>
Jan Horstmann <j.horstmann@mittwald.de>
Jan Vondra <jan.vondra@ultimum.io>
Jason <jasonanderson@uchicago.edu>
Jason Anderson <jasonanderson@uchicago.edu>
Jason Brooks <jbrooks@redhat.com>
Jason Myers <jason@jasonamyers.com>
Javier Castillo Alcíbar <javier.castillo.alcibar@gmail.com>
Jeff Peeler <jpeeler@redhat.com>
Jeffrey Zhang <jeffrey.zhang@99cloud.net>
Jeffrey Zhang <zhang.lei.fly@gmail.com>
Jegor van Opdorp <jegorvanopdorp@gmail.com>
Jeremy Stanley <fungi@yuggoth.org>
Jesse Klint <jesse@rackspace.com>
Jianghua Wang <jianghua.wang@citrix.com>
Jim Rollenhagen <jim@jimrollenhagen.com>
Jing Sun <sun.jing22@zte.com.cn>
Jiri Stransky <jistr@redhat.com>
John Garbutt <john@johngarbutt.com>
Jorge Niedbalski <jorge.niedbalski@linaro.org>
Joseph Horne <josephor@cisco.com>
Joseph M <josephm@inmotionhosting.com>
Josh Lothian <jlothian@cisco.com>
Joshua Harlow <jxharlow@godaddy.com>
João Feteira <joaofet@gmail.com>
Juan J. Martinez <jjm@usebox.net>
Juan Martinez <jmartinez@cray.com>
Justin Riley <justin.t.riley@gmail.com>
Jérôme Vizcaino <jerome.vizcaino@gmail.com>
Kabir Sial <kabirsial@gmail.com>
Kai Qiang Wu(Kennan) <wkq5325@gmail.com>
Katie McEwen <kamcewen@gmail.com>
Keith Plant <kplantjr@gmail.com>
Kelvin Koh <kkoh61@bloomberg.net>
Ken Wronkiewicz <wh-openstack@wirewd.com>
Kenny Johnston <kencjohnston@gmail.com>
Kevin Fox <kevin@efox.cc>
Kevin TIBI <kevintibi@hotmail.com>
Kevin TIBI <kodokuu@gmail.com>
Kevin Tibi <kevintibi@hotmail.com>
Kien Nguyen <kiennt65@viettel.com.vn>
Kirill Proskurin <kproskurin@mirantis.com>
Kirill Shileev <kshileev@gmail.com>
Kobi Samoray <ksamoray@vmware.com>
Kris Lindgren <klindgren@godaddy.com>
Krzysztof Klimonda <kklimonda@cloudferro.com>
Kuo-tung Kao <coding1314@gmail.com>
Kuo-tung Kao <jelly.k@inwinstack.com>
Kuo-tung Kao <ya790206@gmail.com>
Lakshmi Prasanna Goutham Pratapa <lakshmi.pratapa@imaginea.com>
Larry Rensing <lr699s@att.com>
Lars Kellogg-Stedman <lars@oddbit.com>
Lars Kellogg-Stedman <lars@redhat.com>
LinPeiWen <591171850@qq.com>
Liping Mao (limao) <limao@cisco.com>
Lon Hohberger <lhh@redhat.com>
Lon Hohberger <lon@metamorphism.com>
Lu lei <lei.lu@easystack.cn>
Lubosz "diltram" Kosnik <diltram@gmail.com>
Lubosz Kosnik <lubosz.kosnik@intel.com>
Luka Peschke <luka.peschke@objectif-libre.com>
Luke Short <ekultails@gmail.com>
Luong Anh Tuan <tuanla@vn.fujitsu.com>
MD NADEEM <mail2nadeem92@gmail.com>
Maciej Kucia <m.kucia@partner.samsung.com>
Maciej Kucia <maciej@kucia.net>
Maciej Szankin <maciej.szankin@intel.com>
Major Hayden <major@mhtx.net>
Manuel Rodriguez <manu.rodri.hernan@gmail.com>
Marc Koderer <marc@koderer.com>
Marc-Andre Gatien <m.gatien@gmail.com>
Marcin Juszkiewicz <marcin.juszkiewicz@linaro.org>
Marcin Juszkiewicz <marcin@juszkiewicz.com.pl>
Marcus G K Williams <marcus.williams@intel.com>
Marek Svensson <marek@marex.st>
Marek Zawadzki <mzawadzki@mirantis.com>
Marga Millet <marga.sfo@gmail.com>
Marian Tudosoiu <marian.tudosoiu@1and1.ro>
Mariusz <mariusz.karpiarz@vscaler.com>
Mark Duggan <mark.duggan@oracle.com>
Mark Flynn <markandrewflynn@gmail.com>
Mark Giles <mark.giles@oracle.com>
Mark Goddard <mark@stackhpc.com>
Mark Goddard <mgoddard@cray.com>
Martin André <m.andre@redhat.com>
Martin André <martin.andre@gmail.com>
Martin André <martin.andre@kvhasia.com>
Martin Chlumsky <martin.chlumsky@gmail.com>
Martin Chlumsky <martin.chlumsky@ubisoft.com>
Martin Falatic <mfalatic@cisco.com>
Martin Matyáš <martinx.maty@intel.com>
Maru Newby <marun@redhat.com>
Mathias Ewald <mewald@evoila.de>
Mathieu Rohon <mathieu.rohon@gmail.com>
Matt Riedemann <mriedem.os@gmail.com>
Matthew Montgomery <matthew@signed8bit.com>
Matthew Taylor <matthew.taylor@digitalpacific.com.au>
Mauricio Lima <mauriciolimab@gmail.com>
Michael A. Trimm <mitrimm@cisco.com>
Michal (inc0) Jastrzebski <inc007@gmail.com>
Michal Arbet <michal.arbet@ultimum.io>
Michal Jastrzebski (inc0) <michal.jastrzebski@intel.com>
Michal Jastrzebski <inc007@gmail.com>
Michal Jastrzebski <michal.jastrzebski@intel.com>
Michal Nasiadka <michal.nasiadka@nokia.com>
Michal Nasiadka <michal.nasiadka@pl.ibm.com>
Michal Nasiadka <mnasiadka@gmail.com>
Michal Rostecki <michal.rostecki@allegrogroup.com>
Michal Rostecki <michal.rostecki@gmail.com>
Michal Rostecki <mrostecki@mirantis.com>
Michal Rostecki <mrostecki@suse.com>
Michal Stachowski <michal.stachowski@intel.com>
Michel Rode <rode@b1-systems.de>
Mick Thompson <michael.a.thompson@oracle.com>
Min Min Ren <rminmin@cn.ibm.com>
MinSun <minsu@cisco.com>
Minho Ban <mhban@samsung.com>
Mitsuhiro SHIGEMATSU <shigematsu.mitsuhiro@lab.ntt.co.jp>
Mohamed El Gindi <mohamed.gindi@ormuco.com>
Mohammad Banikazemi <mb@us.ibm.com>
Mohammed Naser <mnaser@vexxhost.com>
Mohammed Salih Puthenpurayil <linusali@gmail.com>
Mohammed Salih Puthenpurayil <msalih@redhat.com>
Murali Annamneni <murali.annamneni@oracle.com>
Narasimha SV <narasimha18sv@gmail.com>
Naren Narendra <narendra@cisco.com>
Nathan Harper <nathan.harper@cfms.org.uk>
Nenad Radojevic <nradojevic@evoila.de>
Nguyen Hai <nguyentrihai93@gmail.com>
Nguyen Hai Truong <truongnh@vn.fujitsu.com>
Nguyen Hung Phuong <phuongnh@vn.fujitsu.com>
Nguyen Phuong An <AnNP@vn.fujitsu.com>
Nguyen Van Trung <trungnv@vn.fujitsu.com>
Nguyễn Duy Vũ (CBR09) <nguyenduyvu099@gmail.com>
Nick Jones <nick@dischord.org>
Nick Jones <nick@stackhpc.com>
Nicolas Haller <nicolas@boiteameuh.org>
Nikita Gerasimov <nikita.gerasimov@oracle.com>
Niklas Wik <niklas.wik@nokia.com>
Nikolai Korablin <nkorabli@cisco.com>
Ning Yao <yaoning@unitedstack.com>
Noboru Iwamatsu <n_iwamatsu@fujitsu.com>
Noboru Iwamatsu <n_iwamatsu@jp.fujitsu.com>
OTSUKA, Yuanying <yuanying@fraction.jp>
OpenStack Release Bot <infra-root@openstack.org>
Otavio Salvador <otavio@ossystems.com.br>
Patrick O'Neill <patrick.oneill@vscaler.com>
Patrick Powell <ppowell@redhat.com>
Paul Belanger <pabelanger@redhat.com>
Paul Bourke (pbourke) <paul.bourke@oracle.com>
Paul Bourke <paul.bourke@oracle.com>
Paul Bourke <pauldbourke@gmail.com>
Pavel Glushchak <pglushchak@virtuozzo.com>
Pavel Sinkevych <pavelsinkevych@gmail.com>
Pedro Alvarez <pedro.alvarez@codethink.co.uk>
Pengfei Du <58750307@qq.com>
Pengfei Zhang <lalasjtu@gmail.com>
Pete Birley <pete@port.direct>
Peter Cipriano <vientter@gmail.com>
Pierre Blanc <pierre.blanc@ormuco.com>
Pierre Blanc <pierreblanc75@gmail.com>
Pierre Hanselmann <pierre.hanselmann@gmail.com>
Pierre Riteau <pierre@stackhpc.com>
Pradeep Kilambi <pkilambi@cisco.com>
Proskurin Kirill <kproskurin@mirantis.com>
Q.hongtao <qihongtao@inspur.com>
Qiu Yu <qiuyu@ebaysf.com>
Rabi Mishra <ramishra@redhat.com>
Radosław Piliszek <radoslaw.piliszek@gmail.com>
Rafael Weingärtner <rafael@apache.org>
Rahul Sharma <rahulsharmaait@gmail.com>
Raimund Hook <openstack@sting-ray.za.net>
Rajath Agasthya <rajathagasthya@gmail.com>
Ravi Shekhar Jethani <rsjethani@gmail.com>
Revanth Alampally <ralampal@cisco.com>
Richa Yadav <ricyadav@cisco.com>
Rob Hirschfeld <rob@rackn.com>
RobiJoe <joseph.robinson@rackspace.com>
Robin Naundorf <r.naundorf@fh-muenster.de>
Robyn Bergeron <robyn.bergeron@gmail.com>
Rodolfo Alonso <rodolfo.alonso.hernandez@intel.com>
Rohit Agarwalla <roagarwa@cisco.com>
Ross Krumbeck <ross.krumbeck@gmail.com>
Rui Yuan Dou <rydou@fiberhome.com>
Ryan Hallisey <rhallise@redhat.com>
Ryan Hallisey <rhalllise@redhat.com>
Ryan Hallisey <rthallisey@gmail.com>
Sajauddin Mohammad <sajauddin_mohammad@persistent.co.in>
Salvatore Orlando <salv.orlando@gmail.com>
Sam Betts <sam@code-smash.net>
Sam Song <samsong8610@gmail.com>
Sam Yaple <sam@yaple,net>
Sam Yaple <sam@yaple.net>
SamYaple <sam@yaple.net>
Sandhya Dasu <sadasu@cisco.com>
Saverio Proto <saverio.proto@switch.ch>
Sayantani Goswami <sayantani.goswami@intel.com>
Scott Solkhon <Scott.Solkhon@gresearch.co.uk>
Scott Solkhon <scott.solkhon@gresearch.co.uk>
Scott Solkhon <scottsolkhon@gmail.com>
Sean Mooney <sean.k.mooney@intel.com>
Sercan Acar <aslancimbom100@hotmail.com>
Serguei Bezverkhi <sbezverk@cisco.com>
Serhat Demircan <serhat.demircan@kartaca.com>
Shanu Jain <shajain@akamai.com>
Shaun Smekel <shaun.smekel@gmail.com>
Shaun Smekel <shaun.smekel@theorem.net.au>
ShunliZhou <slzhou@fiberhome.com>
Sidharth Surana <ssurana@vmware.com>
Simon Piette <piette.simon@gmail.com>
Soeren Becker <mail@soerenbecker.org>
Stanislaw Bogatkin <sbog@sbog.ru>
Stephan Michaud <michauds90@gmail.com>
Stephane Boisvert <stephane.boisvert@gameloft.com>
Stephen Finucane <stephenfin@redhat.com>
Stephen Hindle <shindle@llnw.com>
Steve Noyes <steve.noyes@oracle.com>
Steve Wilkerson <sw5822@att.com>
Steve Wilkerson <wilkers.steve@gmail.com>
Steven Dake <sdake@redhat.com>
Steven Dake <stdake@cisco.com>
Stig Telfer <stig.openstack@telfer.org>
Suhail Syed <suhail.syed@gmail.com>
Suhail Syed <suhsyed@cisco.com>
Surya Prakash Singh <surya.singh@nectechnologies.in>
Swapnil Kulkarni (coolsvap) <me@coolsvap.net>
Swapnil Kulkarni <me@coolsvap.net>
Sylvain Baubeau <sbaubeau@redhat.com>
Szymon Konefal <szymon.konefal@gmail.com>
Taeha Kim <kthguru@gmail.com>
Takashi Sogabe <tasogabe@yahoo-corp.jp>
Takeaki Matsumoto <takeaki.matsumoto@ntt.com>
Tatsuma Matsuki <matsuki.tatsuma@jp.fujitsu.com>
Thiago Gomes <thiago.gomes@lsbd.ufc.br>
Thomas O'Neill <thomas.oneill@eu.clara.net>
Tin Lam <tinlam@gmail.com>
Tino Schmeier <tis@teuto.net>
Tomoya Goto <tomoyan777@gmail.com>
Tone Zhang <tone.zhang@arm.com>
Tone.Zhang <tone.zhang@arm.com>
Tony Breeds <tony@bakeyournoodle.com>
Travis McPeak <tmcpeak@us.ibm.com>
Trinh Nguyen <dangtrinhnt@gmail.com>
TuanLAF <tuanla@vn.fujitsu.com>
Venkat Sundaram <tsv@hp.com>
Victor Chembaev <chembervint@gmail.com>
Victor Coutellier <victor.coutellier@gmail.com>
Victor Morales <victor.morales@intel.com>
Vikas Jain <vikjain@cisco.com>
Vikram Hosakote <vhosakot@cisco.com>
Viktor Michalek <viktor.michalek@ultimum.io>
Vladislav Belogrudov <vladislav.belogrudov@oracle.com>
Vu Cong Tuan <tuanvc@vn.fujitsu.com>
Waldemar Znoinski <waldemar.znoinski@intel.com>
Wanlong Gao <wanlong.gao@easystack.cn>
Will Miller <willm@stackhpc.com>
Will Miller <wmiller@cray.com>
Will Rouesnel <w.rouesnel@gmail.com>
Will Szumski <will@stackhpc.com>
William Frischemeier <brookexx@cisco.com>
William Snow <wasnow@cisco.com>
Wonil Choi <wonil22.choi@samsung.com>
XiaojueGuan <guanalbertjone@gmail.com>
Xing Zhang <angeiv.zhang@gmail.com>
Xinliang Liu <xinliang.liu@linaro.org>
Xinyuan Huang <xinyuahu@cisco.com>
YI-JIE,SYU <tw0927041027@gmail.com>
Yaguo Zhou <zhouyaguo@gmail.com>
Yang Youseok <ileixe@gmail.com>
Yarko Tymciurak <yarkot1@gmail.com>
Yatin Kumbhare <yatinkumbhare@gmail.com>
Yongfeng Du <dolpher.du@intel.com>
Yotaro Konishi <konishi.yotaro@jp.fujitsu.com>
Zhangfei Gao <zhangfei.gao@linaro.org>
Zhao Lei <zhaolei@cn.fujitsu.com>
Zhaokun Fu <fuzk@inspur.com>
Zhijiang Hu <hu.zhijiang@zte.com.cn>
ZhijunWei <wzj334965317@outlook.com>
ZhongShengping <chdzsp@163.com>
Zhou Ya <zhou.ya@zte.com.cn>
Zhou Zheng Sheng <zhengsheng@awcloud.com>
Zhuo Zhen <zhenz@uchicago.edu>
ZijianGuo <guozijn@gmail.com>
akwasniewska <alicja.kwasniewska@intel.com>
binhong.hua <huabinhong@unitedstack.com>
bjolo <bjorn.lofdahl@gmail.com>
bjorn lofdahl <bjorn.lofdahl@gmail.com>
caowei <cao.wei@99cloud.net>
caoxufeng <cao.xufeng@99cloud.net>
caoyuan <cao.yuan@99cloud.net>
chao liu <liuc@rc.inesa.com>
chen <dstbtgagt@foxmail.com>
chenqiaomin <chen.qiaomin@99cloud.net>
chenxing <chason.chan@foxmail.com>
chenxing <chen.xing@99cloud.net>
confi-surya <singh.surya64mnnit@gmail.com>
digambar <digambarpatil15@yahoo.co.in>
dommgifer <jeffxie@iii.org.tw>
douyali <douyali@troila.com>
editucci <editucci@cisco.com>
ellen <ellen.batbouta@oracle.com>
fan_guiju <fanguiju1992@163.com>
frauniki <frauniki@sinoa.jp>
gaofei <gao.fei@inspur.com>
gaozx <zxgao@fiberhome.com>
gardlt <garivera89@gmail.com>
gengchc2 <geng.changcai2@zte.com.cn>
ghanshyam <gmann@ghanshyammann.com>
goldyfruit <gaetan.trellu@incloudus.com>
gong yong sheng <gong.yongsheng@99cloud.net>
gugug <gu.jin@99cloud.net>
gujin <gu.jin@99cloud.net>
guochao <guochao@winhong.com>
hanchao <hanchao@iscas.ac.cn>
hayderimran7 <imran@cloudscaling.com>
howardlee <lihongweibj@inspur.com>
hparekh <hardik.parekh@nectechnologies.in>
huang.zhiping <huang.zhiping@99cloud.net>
huangliujie <huang.liujie@99cloud.net>
hwc <hwc@hwcdeMacBook-Air.local>
hyun-ha <hyun.ha@navercorp.com>
inc0 <michal.jastrzebski@intel.com>
jackning <ningyougang@navercorp.com>
jacky06 <zhang.min@99cloud.net>
jamesbagwell <james.bagwell@nokia.com>
jamesmmccarthy <james.m.mccarthy@oracle.com>
jangpro2 <jangseon.ryu@gmail.com>
jangseon ryu <jangseon.ryu@navercorp.com>
jeckxie <xiexiaozhe@inspur.com>
jianghua wang <jianghua.wang@citrix.com>
jiangpch <jiangpch@gohighsec.com>
jiangpch <jiangpengcheng@navercorp.com>
jianyi <jianyi@sgitg.sgcc.com.cn>
jimmygc <guochao@winhong.com>
jing.liuqing <jing.liuqing@99cloud.net>
jing.liuqing <lawrancejing@gmail.com>
jinxingfang <fang.jinxing@99cloud.net>
johjuhyun <juhyun.joh@samsung.com>
junbo <jiang.junbo@99cloud.net>
jvora <jvora@cisco.com>
kylin7-sg <kylin7.sg@gmail.com>
leiyashuai <leiyashuai@inspur.com>
letrangg <trang.lt157@gmail.com>
likui <likui@yovole.com>
lin-hua-cheng <os.lcheng@gmail.com>
lingyongxu <lyxu@fiberhome.com>
liuhongjiang <andrew.lhj@gmail.com>
liujunpeng <liujunpeng@inspur.com>
liyingjun <yingjun.li@kylin-cloud.com>
ljhuang <huang.liujie@99cloud.net>
lklimin <lklimin@gmail.com>
luyao <lu.yao135@zte.com.cn>
lzachery <lzachery@cisco.com>
mail2nadeem92 <mail2nadeem92@gmail.com>
malei <ma.lei@99cloud.net>
maniram477 <maniram477@gmail.com>
melissaml <ma.lei@99cloud.net>
mgatien <m.gatien@gmail.com>
msimonin <matthieu.simonin@inria.fr>
nikparasyr <nik.parasyr@protonmail.com>
npraveen35 <npraveen35@gmail.com>
octopusZhang <zhangyf@rc.inesa.com>
pangliye <pangliye@inspur.com>
pengdake <19921207pq@gmail.com>
pomac <ian.kumlien@gmail.com>
portdirect <pete@port.direct>
prameswar <engg.pram1@gmail.com>
prithiv <prithiv.mohan@intel.com>
qiankun.zhang <zhangqiankun@sgitg.sgcc.com.cn>
qinchunhua <qin.chunhua@zte.com.cn>
qingszhao <zhao.daqing@99cloud.net>
ramboman <lijie@unitedstack.com>
rcherrueau <Ronan-Alexandre.Cherrueau@inria.fr>
rhallisey@redhat.com <jlabocki@redhat.com>
rhcayadav <rhcayadav@gmail.com>
riwinter <riwinter@cisco.com>
root <aslancimbom100@hotmail.com>
root <root@asdf.novalocal>
root <root@host118.rhc.lab.eng.bos.redhat.com>
root <sun.jun@99cloud.net>
rthallisey <rhallise@redhat.com>
rtmdk <rtmdk@163.com>
satya <engg.sanj@gmail.com>
shangxiaobj <shangxiaobj@inspur.com>
shaofeng_cheng <523675833@qq.com>
shaofeng_cheng <chengsf@winhong.com>
sunguangning <sunguangning@unionpay.com>
sunyandi <sunyd@inspur.com>
t.goto <tomoyan777@gmail.com>
ting.wang <ting.wang@easystack.cn>
tone.zhang <tone.zhang@arm.com>
venkatamahesh <Venkata.Kotha@infinite.com>
venkatamahesh <venkatamaheshkotha@gmail.com>
wanghongxu <wang19930902@gmail.com>
wanghui <wang_hui@inspur.com>
wanglmopenstack <wanglm_openstack@163.com>
wangqiangbj <wangqiangbj@inspur.com>
wangtianfa <wang.tianfa@99cloud.net>
wangwei <wangwei@navercorp.com>
weichuancheng@inspur.com <weichuancheng@inspur.com>
weiyj <weiyuanjun@inspur.com>
weiyu <weiyu@unitedstack.com>
wu.chunyang <wu.chunyang@99cloud.net>
wu.chunyang <wuchunyang@yovole.com>
x191859 <patricio.tula-ext@socgen.com>
xiabing.yao <yao.xiabing@99cloud.net>
xiaojueguan <xiaojueguan@gmail.com>
xiaoxu780 <chao.xu@timanetworks.com>
xionglingfeng <xionglingfeng@Gmail.com>
xu.hongzhi <xuhongzhi@sgitg.sgcc.com.cn>
ya.wang <wang.ya@99cloud.net>
yangyang <472374263@qq.com>
yangyapeng <yang.yapeng@99cloud.net>
yanpeifei <yanpeifei@gohighsec.com>
yj.bai <bai.yongjun@99cloud.net>
yong sheng gong <gong.yongsheng@99cloud.net>
youri jeong <prises0221@gmail.com>
yuchengde <yu.chengde@99cloud.net>
yufei <zhangyf@rc.inesa.com>
yuqian <yu.qian@99cloud.net>
zejian Zhuang <zzj123389602@gmail.com>
zengchen228 <zengchen228@gmail.com>
zeyu Zhu <zhu.zeyu@zte.com.cn>
zeyu zhu <zhu.zeyu@zte.com.cn>
zhang.lei <zhang.lei@99cloud.net>
zhangbailin <zhangbailin@inspur.com>
zhangdongqi <zdq123.hn@163.com>
zhangshj <zhangshj@inspur.com>
zhangyanxian <zhang.yanxian@zte.com.cn>
zhouhenglc <zhouhenglc@inspur.com>
zhouxinyong <zhouxinyong@inspur.com>
zhouyunfeng <zhouyunfeng@inspur.com>
zhubingbing <1392607554@qq.com>
zhubingbing <test@null.com>
zhubingbing <zhu.bingbing@99cloud.net>
zhubingbing <zhubingbing10@gmail.com>
zhulingjie <easyzlj@gmail.com>
zhuzeyu <zhu.zeyu@zte.com.cn>
Éric Lemoine <elemoine@mirantis.com>
白永君 <bai.yongjun@99cloud.net>
