andrewwinslow = Andrew Winslow <andrewwinslow@gmail.com>
bohumil.svoma@asu.edu = bohumul <bohumil.svoma@asu.edu>
dfolch = David Folch <dfolch@gmail.com>
dfolch@gmail.com = David Folch <dfolch@gmail.com>
dreamessence = Dani Arribas <dreamessence@gmail.com>
dreamessence@gmail.com = Dani Arribas <dreamessence@gmail.com>
drferling@gmail.com = Jay Laura <drferling@gmail.com>
kx.knight@gmail.com = Xing Kang <kx.knight@gmail.com>
lanselin = Luc Anselin <lanselin@gmail.com>
lanselin@gmail.com = Luc Anselin <lanselin@gmail.com>
mhwang4 = Myhungha Hwang <mhwang4@gmail.com>
mhwang4@gmail.com  = Myhungha Hwang <mhwang4@gmail.com>
nmalizia = Nick Malizia <nmalizia@gmail.com>
nmalizia@gmail.com = Nick Malizia <nmalizia@gmail.com>
phil.stphns = Phil Stephens <phil.stphns@gmail.com>
phil.stphns@gmail.com = Phil Stephens <phil.stphns@gmail.com>
schmidtc = Charles Schimdt <schmidtc@gmail.com>
schmidtc@gmail.com = Charles Schimdt <schmidtc@gmail.com>
sjsrey = Serge Rey <sjsrey@gmail.com>
sjsrey@gmail.com = Serge Rey <sjsrey@gmail.com>
xinyueye = Xinyue Ye <xinyueye@gmail.com>
(no author) = Serge Rey <sjsrey@gmail.com>
